academic_sessions	6
activity_logs	3912
admission_applications	0
attendance_records	1
attendance_sessions	1
cache	20
cache_locks	0
class_schedules	3
courses	834
course_materials	0
course_prerequisites	0
course_registrations	7309
course_user	0
dashboard_projects	4
dashboard_todos	0
departments	20
designations	0
faculties	5
failed_jobs	8
financial_approvals	0
grading_policies	0
jobs	0
job_batches	0
migrations	65
operation_health	0
password_reset_tokens	62
payments	0
payment_gateway_changes	0
payment_settlements	0
personal_access_tokens	0
promotion_policies	1
qms	0
questions	8
registration_settings	1
responses	1
results	34
result_appeals	0
result_corrections	0
result_revisions	0
sessions	5
student_account_merges	54
student_credit_limits	0
student_progressions	0
teams	555
team_invitations	0
team_user	0
tests	1
transcript_documents	0
transcript_requests	0
tuition_adjustments	0
tuition_charges	0
tuition_clearances	0
tuition_invoices	0
tuition_reminders	0
tuition_schedules	0
tuition_templates	0
users	458
